[
  {
    "fields": {
      "role": "Performer"
    },
    "model": "sark.role",
    "pk": 1
  },
  {
    "fields": {
      "role": "Host"
    },
    "model": "sark.role",
    "pk": 2
  },
  {
    "fields": {
      "role": "Composer"
    },
    "model": "sark.role",
    "pk": 3
  },
  {
    "fields": {
      "role": "Recording technician"
    },
    "model": "sark.role",
    "pk": 4
  },
  {
    "fields": {
      "role": "Performing group"
    },
    "model": "sark.role",
    "pk": 5
  },
  {
    "fields": {
      "role": "Ethnic group"
    },
    "model": "sark.role",
    "pk": 6
  },
  {
    "fields": {
      "family": "Idiophone"
    },
    "model": "sark.instrumentfamily",
    "pk": 1
  },
  {
    "fields": {
      "family": "Membranophone"
    },
    "model": "sark.instrumentfamily",
    "pk": 2
  },
  {
    "fields": {
      "family": "Chordophone"
    },
    "model": "sark.instrumentfamily",
    "pk": 3
  },
  {
    "fields": {
      "family": "Aerophone"
    },
    "model": "sark.instrumentfamily",
    "pk": 4
  },
  {
    "fields": {
      "name": "Chikere-kere",
      "description": "",
      "family": 1
    },
    "model": "sark.instrument",
    "pk": 1
  },
  {
    "fields": {
      "name": "Jenje",
      "description": "",
      "family": 2
    },
    "model": "sark.instrument",
    "pk": 2
  },
  {
    "fields": {
      "name": "Barakarankou",
      "description": "",
      "family": 2
    },
    "model": "sark.instrument",
    "pk": 3
  },
  {
    "fields": {
      "name": "Gen",
      "description": "",
      "family": 2
    },
    "model": "sark.instrument",
    "pk": 4
  },
  {
    "fields": {
      "name": "Gourou",
      "description": "",
      "family": 4
    },
    "model": "sark.instrument",
    "pk": 5
  },
  {
    "fields": {
      "name": "Bou-an-rou",
      "description": "",
      "family": 1
    },
    "model": "sark.instrument",
    "pk": 6
  },
  {
    "fields": {
      "zoom": 10,
      "name": "Todee",
      "latitude": 6.6328538,
      "country": "Liberia",
      "longitude": -10.4905701
    },
    "model": "sark.location",
    "pk": 1
  },
  {
    "fields": {
      "zoom": 10,
      "name": "Liverpool",
      "latitude": null,
      "country": "England",
      "longitude": null
    },
    "model": "sark.location",
    "pk": 2
  },
  {
    "fields": {
      "zoom": 9,
      "name": "Kinshasa",
      "latitude": null,
      "country": "Zaire",
      "longitude": null
    },
    "model": "sark.location",
    "pk": 3
  },
  {
    "fields": {
      "zoom": 10,
      "name": "Lawrence",
      "latitude": null,
      "country": "MA",
      "longitude": null
    },
    "model": "sark.location",
    "pk": 4
  },
  {
    "fields": {
      "name": "Rita Rochelle",
      "bio": "MTiA host, 1978 - 2004",
      "deathdate": null,
      "members": [],
      "birthdate": null,
      "role": 2,
      "primary_place_of_activity": null,
      "dates_active": "1978 - 2004"
    },
    "model": "sark.agent",
    "pk": 1
  },
  {
    "fields": {
      "name": "Susan Moran",
      "bio": "MTiA host, 1968 - c.1978",
      "deathdate": null,
      "members": [],
      "birthdate": null,
      "role": 2,
      "primary_place_of_activity": null,
      "dates_active": "1968 - c.1978"
    },
    "model": "sark.agent",
    "pk": 2
  },
  {
    "fields": {
      "name": "Bryn Poole",
      "bio": "MTiA host, 1965 - c.1968",
      "deathdate": null,
      "members": [],
      "birthdate": null,
      "role": 2,
      "primary_place_of_activity": null,
      "dates_active": "1965 - c.1968"
    },
    "model": "sark.agent",
    "pk": 3
  },
  {
    "fields": {
      "name": "John",
      "bio": "No bio on record",
      "deathdate": null,
      "members": [],
      "birthdate": null,
      "role": 1,
      "primary_place_of_activity": 2,
      "dates_active": ""
    },
    "model": "sark.agent",
    "pk": 5
  },
  {
    "fields": {
      "name": "Paul",
      "bio": "No bio on record",
      "deathdate": null,
      "members": [],
      "birthdate": null,
      "role": 1,
      "primary_place_of_activity": 2,
      "dates_active": ""
    },
    "model": "sark.agent",
    "pk": 6
  },
  {
    "fields": {
      "name": "Ringo",
      "bio": "No bio on record",
      "deathdate": null,
      "members": [],
      "birthdate": null,
      "role": 1,
      "primary_place_of_activity": 2,
      "dates_active": ""
    },
    "model": "sark.agent",
    "pk": 7
  },
  {
    "fields": {
      "name": "George",
      "bio": "No bio on record",
      "deathdate": null,
      "members": [],
      "birthdate": null,
      "role": 1,
      "primary_place_of_activity": 2,
      "dates_active": ""
    },
    "model": "sark.agent",
    "pk": 8
  },
  {
    "fields": {
      "name": "Leo Sarkisian",
      "bio": "Musicman, MTiA founder and co-host, 1965-2012",
      "deathdate": null,
      "members": [],
      "birthdate": "1921-01-04",
      "role": 2,
      "primary_place_of_activity": 4,
      "dates_active": "1965 - c.2012"
    },
    "model": "sark.agent",
    "pk": 9
  },
  {
    "fields": {
      "plaintext_link": "no_script.txt"
    },
    "model": "sark.script",
    "pk": 1
  },
  {
    "fields": {
      "plaintext_link": "1968-01-05_script.txt"
    },
    "model": "sark.script",
    "pk": 2
  },
  {
    "fields": {
      "plaintext_link": "1989-07-16_script.txt"
    },
    "model": "sark.script",
    "pk": 3
  },
  {
    "fields": {
      "plaintext_link": "1973-10-28_script.txt"
    },
    "model": "sark.script",
    "pk": 4
  },
  {
    "fields": {
      "image_height": 2190,
      "description": "",
      "date": null,
      "image_width": 2181,
      "file": "img/1965-05-01_1-boxfront_access_xXXFcDh.jpg",
      "thumb": "img/1965-05-01_1-boxfront_thumb.jpg"
    },
    "model": "sark.image",
    "pk": 2
  },
  {
    "fields": {
      "image_height": 2011,
      "description": "",
      "date": null,
      "image_width": 2000,
      "file": "img/1965-05-01_1-boxback_access.jpg",
      "thumb": "img/1965-05-01_1-boxback_thumb.jpg"
    },
    "model": "sark.image",
    "pk": 3
  },
  {
    "fields": {
      "image_height": 211,
      "description": "",
      "date": null,
      "image_width": 2000,
      "file": "img/1965-05-01_1-boxleft_access.jpg",
      "thumb": "img/1965-05-01_1-boxleft_thumb.jpg"
    },
    "model": "sark.image",
    "pk": 4
  },
  {
    "fields": {
      "image_height": 2006,
      "description": "",
      "date": null,
      "image_width": 2000,
      "file": "img/1965-05-01_1-reelfront_access.jpg",
      "thumb": "img/1965-05-01_1-reelfront_thumb.jpg"
    },
    "model": "sark.image",
    "pk": 5
  },
  {
    "fields": {
      "audio": "audio/1965-05-01_access.mp3",
      "photos": [],
      "location": null,
      "title": "MTiA 1966-05-01 - full broadcast",
      "date": "1966-05-01",
      "performers": [],
      "instruments": [],
      "genres": []
    },
    "model": "sark.performance",
    "pk": 1
  },
  {
    "fields": {
      "audio": "audio/1968-01-05_access.mp3",
      "photos": [],
      "location": null,
      "title": "MTiA 1968-01-05 - full broadcast",
      "date": "1968-01-05",
      "performers": [],
      "instruments": [],
      "genres": []
    },
    "model": "sark.performance",
    "pk": 2
  },
  {
    "fields": {
      "audio": "audio/1989-07-16_access.mp3",
      "photos": [],
      "location": null,
      "title": "MTiA 1989-07-16 - full broadcast",
      "date": "1989-07-16",
      "performers": [],
      "instruments": [],
      "genres": []
    },
    "model": "sark.performance",
    "pk": 3
  },
  {
    "fields": {
      "audio": "audio/1973-10-28_access_01.mp3",
      "photos": [],
      "location": null,
      "title": "MTIA 1973-10-28 - insert 01",
      "date": null,
      "performers": [],
      "instruments": [],
      "genres": []
    },
    "model": "sark.performance",
    "pk": 4
  },
  {
    "fields": {
      "audio": "audio/1973-10-28_access_02.mp3",
      "photos": [],
      "location": null,
      "title": "MTIA 1973-10-28 - insert 02",
      "date": null,
      "performers": [],
      "instruments": [],
      "genres": []
    },
    "model": "sark.performance",
    "pk": 5
  },
  {
    "fields": {
      "audio": "audio/1973-10-28_access_03.mp3",
      "photos": [],
      "location": null,
      "title": "MTIA 1973-10-28 - insert 03",
      "date": null,
      "performers": [],
      "instruments": [],
      "genres": []
    },
    "model": "sark.performance",
    "pk": 6
  },
  {
    "fields": {
      "audio": "audio/1973-10-28_access_04.mp3",
      "photos": [],
      "location": null,
      "title": "MTIA 1973-10-28 - insert 04",
      "date": null,
      "performers": [],
      "instruments": [],
      "genres": []
    },
    "model": "sark.performance",
    "pk": 7
  },
  {
    "fields": {
      "audio": "audio/1973-10-28_access_05.mp3",
      "photos": [],
      "location": null,
      "title": "MTIA 1973-10-28 - insert 05",
      "date": null,
      "performers": [],
      "instruments": [],
      "genres": []
    },
    "model": "sark.performance",
    "pk": 8
  },
  {
    "fields": {
      "audio": "audio/1973-10-28_access_06.mp3",
      "photos": [],
      "location": null,
      "title": "MTIA 1973-10-28 - insert 06",
      "date": null,
      "performers": [],
      "instruments": [],
      "genres": []
    },
    "model": "sark.performance",
    "pk": 9
  },
  {
    "fields": {
      "audio": "audio/1973-10-28_access_07.mp3",
      "photos": [],
      "location": null,
      "title": "MTIA 1973-10-28 - insert 07",
      "date": null,
      "performers": [],
      "instruments": [],
      "genres": []
    },
    "model": "sark.performance",
    "pk": 10
  },
  {
    "fields": {
      "audio": "audio/1973-10-28_access_08.mp3",
      "photos": [],
      "location": null,
      "title": "MTIA 1973-10-28 - insert 08",
      "date": null,
      "performers": [],
      "instruments": [],
      "genres": []
    },
    "model": "sark.performance",
    "pk": 11
  },
  {
    "fields": {
      "performances": [
        1
      ],
      "description": "Music from the Democratic Republic of Congo, Mozambique, Rhodesia, and the Republic of Guinea",
      "host": 3,
      "images": [
        2,
        3,
        4,
        5
      ],
      "date": "1966-05-01",
      "script": 1
    },
    "model": "sark.radioshow",
    "pk": 1
  },
  {
    "fields": {
      "performances": [
        2
      ],
      "description": "Music of the Tonga people of southwest Zambia",
      "host": 2,
      "images": [],
      "date": "1968-01-05",
      "script": 2
    },
    "model": "sark.radioshow",
    "pk": 2
  },
  {
    "fields": {
      "performances": [
        3
      ],
      "description": "Traditional and popular music",
      "host": 1,
      "images": [],
      "date": "1989-07-16",
      "script": 3
    },
    "model": "sark.radioshow",
    "pk": 3
  },
  {
    "fields": {
      "performances": [
        4,
        5,
        6,
        7,
        8,
        9,
        10,
        11
      ],
      "description": "Music of the Republic of Dahomey (now Benin)",
      "host": 2,
      "images": [],
      "date": "1973-10-28",
      "script": 4
    },
    "model": "sark.radioshow",
    "pk": 4
  }
]