[{"model": "sark.role", "fields": {"role": "Performer"}, "pk": 1}, {"model": "sark.role", "fields": {"role": "Host"}, "pk": 2}, {"model": "sark.role", "fields": {"role": "Composer"}, "pk": 3}, {"model": "sark.role", "fields": {"role": "Recording technician"}, "pk": 4}, {"model": "sark.location", "fields": {"name": "Todee", "latitude": 6.6328538, "country": "Liberia", "longitude": -10.4905701, "zoom": 10}, "pk": 1}, {"model": "sark.location", "fields": {"name": "Liverpool", "latitude": null, "country": "England", "longitude": null, "zoom": 10}, "pk": 2}, {"model": "sark.location", "fields": {"name": "Kinshasa", "latitude": null, "country": "Zaire", "longitude": null, "zoom": 9}, "pk": 3}, {"model": "sark.person", "fields": {"role": 2, "birthplace": null, "birthdate": null, "deathdate": null, "dates_active": "1978 - 2004", "name": "Rita Rochelle", "bio": "MTiA host, 1978 - 2004"}, "pk": 1}, {"model": "sark.person", "fields": {"role": 2, "birthplace": null, "birthdate": null, "deathdate": null, "dates_active": "1968 - c.1978", "name": "Susan Moran", "bio": "MTiA host, 1968 - c.1978"}, "pk": 2}, {"model": "sark.person", "fields": {"role": 2, "birthplace": null, "birthdate": null, "deathdate": null, "dates_active": "1965 - c.1968", "name": "Bryn Poole", "bio": "MTiA host, 1965 - c.1968"}, "pk": 3}, {"model": "sark.person", "fields": {"role": 2, "birthplace": null, "birthdate": null, "deathdate": null, "dates_active": "2004 - 2010", "name": "Matthew Lavoie", "bio": "MTiA host, 2004 - 2010"}, "pk": 4}, {"model": "sark.person", "fields": {"role": 1, "birthplace": null, "birthdate": null, "deathdate": null, "dates_active": null, "name": "John Lennon", "bio": "No bio on record"}, "pk": 5}, {"model": "sark.person", "fields": {"role": 1, "birthplace": 2, "birthdate": null, "deathdate": null, "dates_active": "", "name": "Paul McCartney", "bio": "No bio on record"}, "pk": 6}, {"model": "sark.script", "fields": {"plaintext_link": "no_script.txt"}, "pk": 1}, {"model": "sark.script", "fields": {"plaintext_link": "1968-01-05_script.txt"}, "pk": 2}, {"model": "sark.script", "fields": {"plaintext_link": "1989-07-16_script.txt"}, "pk": 3}, {"model": "sark.script", "fields": {"plaintext_link": "1973-10-28_script.txt"}, "pk": 4}, {"model": "sark.audio", "fields": {"access_link": "1965-05-01_access.mp3"}, "pk": 1}, {"model": "sark.audio", "fields": {"access_link": "1968-01-05_access.mp3"}, "pk": 2}, {"model": "sark.audio", "fields": {"access_link": "1989-07-16_access.mp3"}, "pk": 3}, {"model": "sark.audio", "fields": {"access_link": "1973-10-28_access_01.mp3"}, "pk": 4}, {"model": "sark.audio", "fields": {"access_link": "1973-10-28_access_02.mp3"}, "pk": 5}, {"model": "sark.audio", "fields": {"access_link": "1973-10-28_access_03.mp3"}, "pk": 6}, {"model": "sark.audio", "fields": {"access_link": "1973-10-28_access_04.mp3"}, "pk": 7}, {"model": "sark.audio", "fields": {"access_link": "1973-10-28_access_05.mp3"}, "pk": 8}, {"model": "sark.audio", "fields": {"access_link": "1973-10-28_access_06.mp3"}, "pk": 9}, {"model": "sark.audio", "fields": {"access_link": "1973-10-28_access_07.mp3"}, "pk": 10}, {"model": "sark.audio", "fields": {"access_link": "1973-10-28_access_08.mp3"}, "pk": 11}, {"model": "sark.photo", "fields": {"thumb": "img/1965-05-01_1-boxfront_thumb.jpg", "file": "img/1965-05-01_1-boxfront_access_xXXFcDh.jpg", "description": "", "image_width": 2181, "image_height": 2190, "date": null}, "pk": 2}, {"model": "sark.photo", "fields": {"thumb": "img/1965-05-01_1-boxback_thumb.jpg", "file": "img/1965-05-01_1-boxback_access.jpg", "description": "", "image_width": 2000, "image_height": 2011, "date": null}, "pk": 3}, {"model": "sark.photo", "fields": {"thumb": "img/1965-05-01_1-boxleft_thumb.jpg", "file": "img/1965-05-01_1-boxleft_access.jpg", "description": "", "image_width": 2000, "image_height": 211, "date": null}, "pk": 4}, {"model": "sark.photo", "fields": {"thumb": "img/1965-05-01_1-reelfront_thumb.jpg", "file": "img/1965-05-01_1-reelfront_access.jpg", "description": "", "image_width": 2000, "image_height": 2006, "date": null}, "pk": 5}, {"model": "sark.performance", "fields": {"audio": 1, "photos": [], "instruments": [], "location": null, "genres": [], "date": "1965-05-01", "title": "MTiA 1965-05-01 - full broadcast", "performers": []}, "pk": 1}, {"model": "sark.performance", "fields": {"audio": 2, "photos": [], "instruments": [], "location": null, "genres": [], "date": "1968-01-05", "title": "MTiA 1968-01-05 - full broadcast", "performers": []}, "pk": 2}, {"model": "sark.performance", "fields": {"audio": 3, "photos": [], "instruments": [], "location": null, "genres": [], "date": "1989-07-16", "title": "MTiA 1989-07-16 - full broadcast", "performers": []}, "pk": 3}, {"model": "sark.performance", "fields": {"audio": 4, "photos": [], "instruments": [], "location": null, "genres": [], "date": null, "title": "MTIA 1973-10-28 - insert 01", "performers": []}, "pk": 4}, {"model": "sark.performance", "fields": {"audio": 5, "photos": [], "instruments": [], "location": null, "genres": [], "date": null, "title": "MTIA 1973-10-28 - insert 02", "performers": []}, "pk": 5}, {"model": "sark.performance", "fields": {"audio": 6, "photos": [], "instruments": [], "location": null, "genres": [], "date": null, "title": "MTIA 1973-10-28 - insert 03", "performers": []}, "pk": 6}, {"model": "sark.performance", "fields": {"audio": 7, "photos": [], "instruments": [], "location": null, "genres": [], "date": null, "title": "MTIA 1973-10-28 - insert 04", "performers": []}, "pk": 7}, {"model": "sark.performance", "fields": {"audio": 8, "photos": [], "instruments": [], "location": null, "genres": [], "date": null, "title": "MTIA 1973-10-28 - insert 05", "performers": []}, "pk": 8}, {"model": "sark.performance", "fields": {"audio": 9, "photos": [], "instruments": [], "location": null, "genres": [], "date": null, "title": "MTIA 1973-10-28 - insert 06", "performers": []}, "pk": 9}, {"model": "sark.performance", "fields": {"audio": 10, "photos": [], "instruments": [], "location": null, "genres": [], "date": null, "title": "MTIA 1973-10-28 - insert 07", "performers": []}, "pk": 10}, {"model": "sark.performance", "fields": {"audio": 11, "photos": [], "instruments": [], "location": null, "genres": [], "date": null, "title": "MTIA 1973-10-28 - insert 08", "performers": []}, "pk": 11}, {"model": "sark.radioshow", "fields": {"photos": [2, 3, 4, 5], "performances": [1], "host": 3, "description": "Show #1 - music from the Democratic Republic of Congo, Mozambique, Rhodesia, and the Republic of Guinea", "script": 1, "date": "1965-05-01"}, "pk": 1}, {"model": "sark.radioshow", "fields": {"photos": [], "performances": [2], "host": 2, "description": "Music of the Tonga people of southwest Zambia", "script": 2, "date": "1968-01-05"}, "pk": 2}, {"model": "sark.radioshow", "fields": {"photos": [], "performances": [3], "host": 1, "description": "Traditional and popular music", "script": 3, "date": "1989-07-16"}, "pk": 3}, {"model": "sark.radioshow", "fields": {"photos": [], "performances": [4, 5, 6, 7, 8, 9, 10, 11], "host": 2, "description": "Music of the Republic of Dahomey (now Benin)", "script": 4, "date": "1973-10-28"}, "pk": 4}]
